"DESCRIPTION","DURATION IN MS","NAME","PARENT SUITE","START TIME","STATUS","STOP TIME","SUB SUITE","SUITE","TEST CLASS","TEST METHOD"
"","1755","BUG: clicking the radio/checkbox label text does not toggle the control","webkit","2026-10-05","passed","2026-10-05","Known defects on the practice page","ui-elements-practice/a11y-findings.spec.ts","",""
"","1735","lists 10 courses, all by the same instructor","webkit","2026-10-05","passed","2026-10-05","Web Table Example","ui-elements-practice/web-table.spec.ts","",""
"","767","keeps the value intact: several emoji","chromium","2026-10-05","passed","2026-10-05","Emoji input: autocomplete field","ui-elements-practice/emoji-input.spec.ts","",""
"","809","a name made only of emoji passes validation (it is not treated as empty)","firefox","2026-10-05","passed","2026-10-05","Emoji input: form inside the iframe","ui-elements-practice/emoji-input.spec.ts","",""
"","973","moving away hides the menu again","firefox","2026-10-05","passed","2026-10-05","Mouse Hover Example","ui-elements-practice/mouse-hover.spec.ts","",""
"","546","keeps emoji after the field is hidden and shown again","chromium","2026-10-05","passed","2026-10-05","Emoji input: show/hide field","ui-elements-practice/emoji-input.spec.ts","",""
"","759","clicking the label text does NOT check the radio (broken label association)","firefox","2026-10-05","passed","2026-10-05","Radio Button Example","ui-elements-practice/radio-buttons.spec.ts","",""
"","1384","BUG: the courses iframe has no accessible name","webkit","2026-10-05","passed","2026-10-05","Known defects on the practice page","ui-elements-practice/a11y-findings.spec.ts","",""
"","2204","submitted result echoes the name unchanged: ZWJ family sequence","firefox","2026-10-05","passed","2026-10-05","Emoji input: form inside the iframe","ui-elements-practice/emoji-input.spec.ts","",""
"","2852","clicking opens a new tab instead of navigating the current page","firefox","2026-10-05","passed","2026-10-05","Switch Tab Example","ui-elements-practice/switch-tab.spec.ts","",""
"","199","shows which model engine the server uses","resume-app","2026-10-05","passed","2026-10-05","","resume-refactor/ui.spec.ts","",""
"","790","the frame finishes loading and resolves to the local iframe page","firefox","2026-10-05","passed","2026-10-05","iFrame Example","ui-elements-practice/iframe.spec.ts","",""
"","513","keeps the value intact: single emoji","chromium","2026-10-05","passed","2026-10-05","Emoji input: autocomplete field","ui-elements-practice/emoji-input.spec.ts","",""
"","664","keeps the value intact: skin-tone modifier","firefox","2026-10-05","passed","2026-10-05","Emoji input: autocomplete field","ui-elements-practice/emoji-input.spec.ts","",""
"","937","submitting without accepting the terms is rejected","firefox","2026-10-05","passed","2026-10-05","iFrame Example","ui-elements-practice/iframe.spec.ts","",""
"","580","form fields inside the iframe reflect their state","chromium","2026-10-05","passed","2026-10-05","iFrame Example","ui-elements-practice/iframe.spec.ts","",""
"","2006","BUG: radio inputs have no accessible name (label[for] targets a non-existent id)","webkit","2026-10-05","passed","2026-10-05","Known defects on the practice page","ui-elements-practice/a11y-findings.spec.ts","",""
"","1386","none are checked by default","webkit","2026-10-05","passed","2026-10-05","Checkbox Example","ui-elements-practice/checkboxes.spec.ts","",""
"","287","falls back to demo mode when there is no model server","resume-app","2026-10-05","passed","2026-10-05","","resume-refactor/ui.spec.ts","",""
"","1389","keeps the value intact: ZWJ family sequence","webkit","2026-10-05","passed","2026-10-05","Emoji input: autocomplete field","ui-elements-practice/emoji-input.spec.ts","",""
"","495","the table inside the iframe can be queried by cell and row","chromium","2026-10-05","passed","2026-10-05","iFrame Example","ui-elements-practice/iframe.spec.ts","",""
"","820","submitted result echoes the name unchanged: flag (regional indicators)","chromium","2026-10-05","passed","2026-10-05","Emoji input: form inside the iframe","ui-elements-practice/emoji-input.spec.ts","",""
"","458","the iframe points at the local iframe page","chromium","2026-10-05","passed","2026-10-05","iFrame Example","ui-elements-practice/iframe.spec.ts","",""
"","7","rejects a body that is not JSON","resume-app","2026-10-05","passed","2026-10-05","POST /api/refactor validation","resume-refactor/api.spec.ts","",""
"","249","asks for the job description when it is empty","resume-app","2026-10-05","passed","2026-10-05","","resume-refactor/ui.spec.ts","",""
"","714","the header stays pinned to the top while the body scrolls","firefox","2026-10-05","passed","2026-10-05","Web Table Fixed Header Example","ui-elements-practice/fixed-header-table.spec.ts","",""
"","1120","submitted result echoes the name unchanged: single emoji","firefox","2026-10-05","passed","2026-10-05","Emoji input: form inside the iframe","ui-elements-practice/emoji-input.spec.ts","",""
"","972","all three can be checked at once (unlike the radio group)","firefox","2026-10-05","passed","2026-10-05","Checkbox Example","ui-elements-practice/checkboxes.spec.ts","",""
"","574","the form inside the iframe can be filled and submitted (CSS locators)","chromium","2026-10-05","passed","2026-10-05","iFrame Example","ui-elements-practice/iframe.spec.ts","",""
"","1990","lists all 9 rows even though only part of the table is visible","webkit","2026-10-05","passed","2026-10-05","Web Table Fixed Header Example","ui-elements-practice/fixed-header-table.spec.ts","",""
"","856","the external iframe can be reached by its name attribute via page.frame()","firefox","2026-10-05","passed","2026-10-05","External iFrame Example","ui-elements-practice/iframe.spec.ts","",""
"","716","the text field is visible on load","firefox","2026-10-05","passed","2026-10-05","Element Displayed Example","ui-elements-practice/hide-show.spec.ts","",""
"","1906","alert greets the name unchanged: flag (regional indicators)","webkit","2026-10-05","passed","2026-10-05","Emoji input: name field and alert","ui-elements-practice/emoji-input.spec.ts","",""
"","276","works end to end against the mock engine of the local server","resume-app","2026-10-05","passed","2026-10-05","","resume-refactor/ui.spec.ts","",""
"","511","a multi-code-point emoji is still a single character after input","chromium","2026-10-05","passed","2026-10-05","Emoji input: autocomplete field","ui-elements-practice/emoji-input.spec.ts","",""
"","1483","hovering reveals Top and Reload links","webkit","2026-10-05","passed","2026-10-05","Mouse Hover Example","ui-elements-practice/mouse-hover.spec.ts","",""
"","898","submitted result echoes the name unchanged: emoji mixed with text","firefox","2026-10-05","passed","2026-10-05","Emoji input: form inside the iframe","ui-elements-practice/emoji-input.spec.ts","",""
"","30686","can be cleared after emoji input","firefox","2026-10-05","broken","2026-10-05","Emoji input: autocomplete field","ui-elements-practice/emoji-input.spec.ts","",""
"","510","submitting an empty name shows a validation error","chromium","2026-10-05","passed","2026-10-05","iFrame Example","ui-elements-practice/iframe.spec.ts","",""
"","1713","the header stays pinned to the top while the body scrolls","webkit","2026-10-05","passed","2026-10-05","Web Table Fixed Header Example","ui-elements-practice/fixed-header-table.spec.ts","",""
"","502","submitting without accepting the terms is rejected","chromium","2026-10-05","passed","2026-10-05","iFrame Example","ui-elements-practice/iframe.spec.ts","",""
"","633","the displayed total matches the sum of the Amount column","chromium","2026-10-05","passed","2026-10-05","Web Table Fixed Header Example","ui-elements-practice/fixed-header-table.spec.ts","",""
"","2","reports a keyword that was not worked in","resume-checks","2026-10-05","passed","2026-10-05","missingKeywords","resume-refactor/checks.spec.ts","",""
"","1386","keeps the value intact: skin-tone modifier","webkit","2026-10-05","passed","2026-10-05","Emoji input: autocomplete field","ui-elements-practice/emoji-input.spec.ts","",""
"","23","does not flag tools that are in the original resume","resume-checks","2026-10-05","passed","2026-10-05","fabricatedTerms","resume-refactor/checks.spec.ts","",""
"","510","shows the placeholder when empty","chromium","2026-10-05","passed","2026-10-05","Suggestion Class Example (autocomplete input)","ui-elements-practice/autocomplete-input.spec.ts","",""
"","499","alert greets the name unchanged: flag (regional indicators)","chromium","2026-10-05","passed","2026-10-05","Emoji input: name field and alert","ui-elements-practice/emoji-input.spec.ts","",""
"","599","dismissing confirm logs the Cancel branch to the console","chromium","2026-10-05","passed","2026-10-05","Switch To Alert Example","ui-elements-practice/alerts.spec.ts","",""
"","1750","keeps emoji after the field is hidden and shown again","webkit","2026-10-05","passed","2026-10-05","Emoji input: show/hide field","ui-elements-practice/emoji-input.spec.ts","",""
"","2122","alert greets the name unchanged: several emoji","firefox","2026-10-05","passed","2026-10-05","Emoji input: name field and alert","ui-elements-practice/emoji-input.spec.ts","",""
"","544","contains a known course at the expected price","chromium","2026-10-05","passed","2026-10-05","Web Table Example","ui-elements-practice/web-table.spec.ts","",""
"","520","lists the expected options in order","chromium","2026-10-05","passed","2026-10-05","Dropdown Example","ui-elements-practice/dropdown.spec.ts","",""
"","455","none are checked by default","chromium","2026-10-05","passed","2026-10-05","Checkbox Example","ui-elements-practice/checkboxes.spec.ts","",""
"","509","lists all 9 rows even though only part of the table is visible","chromium","2026-10-05","passed","2026-10-05","Web Table Fixed Header Example","ui-elements-practice/fixed-header-table.spec.ts","",""
"","1","rejects a chatty preamble","resume-checks","2026-10-05","passed","2026-10-05","structureProblems","resume-refactor/checks.spec.ts","",""
"","776","BUG: clicking the radio/checkbox label text does not toggle the control","firefox","2026-10-05","passed","2026-10-05","Known defects on the practice page","ui-elements-practice/a11y-findings.spec.ts","",""
"","2026","submitted result echoes the name unchanged: emoji mixed with text","webkit","2026-10-05","passed","2026-10-05","Emoji input: form inside the iframe","ui-elements-practice/emoji-input.spec.ts","",""
"","1","accepts plain-text section titles that keep the original layout","resume-checks","2026-10-05","passed","2026-10-05","structureProblems","resume-refactor/checks.spec.ts","",""
"","1957","the form inside the iframe can be filled and submitted (user-facing locators)","firefox","2026-10-05","passed","2026-10-05","iFrame Example","ui-elements-practice/iframe.spec.ts","",""
"","1500","confirm dialog text changes based on whether a name was entered","webkit","2026-10-05","passed","2026-10-05","Switch To Alert Example","ui-elements-practice/alerts.spec.ts","",""
"","487","the iframe points at the portfolio site","chromium","2026-10-05","passed","2026-10-05","External iFrame Example","ui-elements-practice/iframe.spec.ts","",""
"","795","Hide removes the field and Show brings it back","firefox","2026-10-05","passed","2026-10-05","Element Displayed Example","ui-elements-practice/hide-show.spec.ts","",""
"","686","keeps the value intact: ZWJ family sequence","firefox","2026-10-05","passed","2026-10-05","Emoji input: autocomplete field","ui-elements-practice/emoji-input.spec.ts","",""
"","469","the free resume-writing course is priced at 0","chromium","2026-10-05","passed","2026-10-05","Web Table Example","ui-elements-practice/web-table.spec.ts","",""
"","1446","accepts emoji typed key by key, not only filled in one go","webkit","2026-10-05","passed","2026-10-05","Emoji input: autocomplete field","ui-elements-practice/emoji-input.spec.ts","",""
"","1611","alert greets the name unchanged: ZWJ family sequence","webkit","2026-10-05","passed","2026-10-05","Emoji input: name field and alert","ui-elements-practice/emoji-input.spec.ts","",""
"","1489","moving away hides the menu again","webkit","2026-10-05","passed","2026-10-05","Mouse Hover Example","ui-elements-practice/mouse-hover.spec.ts","",""
"","830","has the expected header columns","firefox","2026-10-05","passed","2026-10-05","Web Table Example","ui-elements-practice/web-table.spec.ts","",""
"","900","the table inside the iframe can be queried by cell and row","firefox","2026-10-05","passed","2026-10-05","iFrame Example","ui-elements-practice/iframe.spec.ts","",""
"","934","lists 10 courses, all by the same instructor","firefox","2026-10-05","passed","2026-10-05","Web Table Example","ui-elements-practice/web-table.spec.ts","",""
"","483","the external iframe can be reached by its name attribute via page.frame()","chromium","2026-10-05","passed","2026-10-05","External iFrame Example","ui-elements-practice/iframe.spec.ts","",""
"","1545","the free resume-writing course is priced at 0","webkit","2026-10-05","passed","2026-10-05","Web Table Example","ui-elements-practice/web-table.spec.ts","",""
"","2","flags an output that is far too short or too long","resume-checks","2026-10-05","passed","2026-10-05","lengthProblems and nonEmpty","resume-refactor/checks.spec.ts","",""
"","1692","BUG: checkbox inputs have the same broken label[for] association","firefox","2026-10-05","passed","2026-10-05","Known defects on the practice page","ui-elements-practice/a11y-findings.spec.ts","",""
"","261","shows the input fields and the Refactor button","resume-app","2026-10-05","passed","2026-10-05","","resume-refactor/ui.spec.ts","",""
"","2022","a name made only of emoji passes validation (it is not treated as empty)","webkit","2026-10-05","passed","2026-10-05","Emoji input: form inside the iframe","ui-elements-practice/emoji-input.spec.ts","",""
"","1649","can be cleared after emoji input","webkit","2026-10-05","passed","2026-10-05","Emoji input: autocomplete field","ui-elements-practice/emoji-input.spec.ts","",""
"","9","rejects an input over the length limit","resume-app","2026-10-05","passed","2026-10-05","POST /api/refactor validation","resume-refactor/api.spec.ts","",""
"","1522","all three can be checked at once (unlike the radio group)","webkit","2026-10-05","passed","2026-10-05","Checkbox Example","ui-elements-practice/checkboxes.spec.ts","",""
"","862","submitted result echoes the name unchanged: several emoji","firefox","2026-10-05","passed","2026-10-05","Emoji input: form inside the iframe","ui-elements-practice/emoji-input.spec.ts","",""
"","1","accepts a comparable length","resume-checks","2026-10-05","passed","2026-10-05","lengthProblems and nonEmpty","resume-refactor/checks.spec.ts","",""
"","7","returns 404 for an unknown route","resume-app","2026-10-05","passed","2026-10-05","POST /api/refactor validation","resume-refactor/api.spec.ts","",""
"","768","alert greets the name unchanged: ZWJ family sequence","firefox","2026-10-05","passed","2026-10-05","Emoji input: name field and alert","ui-elements-practice/emoji-input.spec.ts","",""
"","1440","the table inside the iframe can be queried by cell and row","webkit","2026-10-05","passed","2026-10-05","iFrame Example","ui-elements-practice/iframe.spec.ts","",""
"","959","exactly one radio can be checked at a time","firefox","2026-10-05","passed","2026-10-05","Radio Button Example","ui-elements-practice/radio-buttons.spec.ts","",""
"","1661","the text field is visible on load","webkit","2026-10-05","passed","2026-10-05","Element Displayed Example","ui-elements-practice/hide-show.spec.ts","",""
"","1591","clicking the label text does NOT check the radio (broken label association)","webkit","2026-10-05","passed","2026-10-05","Radio Button Example","ui-elements-practice/radio-buttons.spec.ts","",""
"","2094","submitted result echoes the name unchanged: single emoji","webkit","2026-10-05","passed","2026-10-05","Emoji input: form inside the iframe","ui-elements-practice/emoji-input.spec.ts","",""
"","5955","the menu is hidden until the button is hovered","chromium","2026-10-05","failed","2026-10-05","Mouse Hover Example","ui-elements-practice/mouse-hover.spec.ts","",""
"","788","alert greets the name unchanged: skin-tone modifier","firefox","2026-10-05","passed","2026-10-05","Emoji input: name field and alert","ui-elements-practice/emoji-input.spec.ts","",""
"","4810","the link points at the expected target= ""_blank"" destination","firefox","2026-10-05","passed","2026-10-05","Switch Tab Example","ui-elements-practice/switch-tab.spec.ts","",""
"","1406","keeps the value intact: single emoji","webkit","2026-10-05","passed","2026-10-05","Emoji input: autocomplete field","ui-elements-practice/emoji-input.spec.ts","",""
"","1030","alert asks for a name when the field is empty","firefox","2026-10-05","passed","2026-10-05","Switch To Alert Example","ui-elements-practice/alerts.spec.ts","",""
"","745","submitted result echoes the name unchanged: skin-tone modifier","chromium","2026-10-05","passed","2026-10-05","Emoji input: form inside the iframe","ui-elements-practice/emoji-input.spec.ts","",""
"","489","alert greets the name unchanged: emoji mixed with text","chromium","2026-10-05","passed","2026-10-05","Emoji input: name field and alert","ui-elements-practice/emoji-input.spec.ts","",""
"","1419","dismissing confirm logs the Cancel branch to the console","webkit","2026-10-05","passed","2026-10-05","Switch To Alert Example","ui-elements-practice/alerts.spec.ts","",""
"","583","checkboxes toggle independently","chromium","2026-10-05","passed","2026-10-05","Checkbox Example","ui-elements-practice/checkboxes.spec.ts","",""
"","501","defaults to the placeholder ""Select"" option","chromium","2026-10-05","passed","2026-10-05","Dropdown Example","ui-elements-practice/dropdown.spec.ts","",""
"","1643","the displayed total matches the sum of the Amount column","webkit","2026-10-05","passed","2026-10-05","Web Table Fixed Header Example","ui-elements-practice/fixed-header-table.spec.ts","",""
"","1892","shows the placeholder when empty","webkit","2026-10-05","passed","2026-10-05","Suggestion Class Example (autocomplete input)","ui-elements-practice/autocomplete-input.spec.ts","",""
"","1898","a multi-code-point emoji is still a single character after input","firefox","2026-10-05","passed","2026-10-05","Emoji input: autocomplete field","ui-elements-practice/emoji-input.spec.ts","",""
"","2177","submitted result echoes the name unchanged: skin-tone modifier","webkit","2026-10-05","passed","2026-10-05","Emoji input: form inside the iframe","ui-elements-practice/emoji-input.spec.ts","",""
"","1895","BUG: checkbox inputs have the same broken label[for] association","chromium","2026-10-05","passed","2026-10-05","Known defects on the practice page","ui-elements-practice/a11y-findings.spec.ts","",""
"","2","matches vacancy keywords case-insensitively","resume-checks","2026-10-05","passed","2026-10-05","missingKeywords","resume-refactor/checks.spec.ts","",""
"","30585","selecting an option by label updates the value","firefox","2026-10-05","broken","2026-10-05","Dropdown Example","ui-elements-practice/dropdown.spec.ts","",""
"","791","dismissing confirm logs the Cancel branch to the console","firefox","2026-10-05","passed","2026-10-05","Switch To Alert Example","ui-elements-practice/alerts.spec.ts","",""
"","761","keeps the value intact: single emoji","firefox","2026-10-05","passed","2026-10-05","Emoji input: autocomplete field","ui-elements-practice/emoji-input.spec.ts","",""
"","753","BUG: the courses iframe has no accessible name","firefox","2026-10-05","passed","2026-10-05","Known defects on the practice page","ui-elements-practice/a11y-findings.spec.ts","",""
"","424","clicking the label text does NOT check the radio (broken label association)","chromium","2026-10-05","passed","2026-10-05","Radio Button Example","ui-elements-practice/radio-buttons.spec.ts","",""
"","1877","the free resume-writing course is priced at 0","firefox","2026-10-05","passed","2026-10-05","Web Table Example","ui-elements-practice/web-table.spec.ts","",""
"","826","submitted result echoes the name unchanged: skin-tone modifier","firefox","2026-10-05","passed","2026-10-05","Emoji input: form inside the iframe","ui-elements-practice/emoji-input.spec.ts","",""
"","1","does not mistake ordinary words for tools","resume-checks","2026-10-05","passed","2026-10-05","fabricatedTerms","resume-refactor/checks.spec.ts","",""
"","833","BUG: two different tables share the same id=""product""","chromium","2026-10-05","passed","2026-10-05","Known defects on the practice page","ui-elements-practice/a11y-findings.spec.ts","",""
"","5815","lists 10 courses, all by the same instructor","chromium","2026-10-05","failed","2026-10-05","Web Table Example","ui-elements-practice/web-table.spec.ts","",""
"","2066","no radio is selected by default","firefox","2026-10-05","passed","2026-10-05","Radio Button Example","ui-elements-practice/radio-buttons.spec.ts","",""
"","605","the header stays pinned to the top while the body scrolls","chromium","2026-10-05","passed","2026-10-05","Web Table Fixed Header Example","ui-elements-practice/fixed-header-table.spec.ts","",""
"","880","defaults to the placeholder ""Select"" option","firefox","2026-10-05","passed","2026-10-05","Dropdown Example","ui-elements-practice/dropdown.spec.ts","",""
"","782","alert greets the name unchanged: single emoji","firefox","2026-10-05","passed","2026-10-05","Emoji input: name field and alert","ui-elements-practice/emoji-input.spec.ts","",""
"","701","can be cleared after emoji input","chromium","2026-10-05","passed","2026-10-05","Emoji input: autocomplete field","ui-elements-practice/emoji-input.spec.ts","",""
"","1584","alert asks for a name when the field is empty","webkit","2026-10-05","passed","2026-10-05","Switch To Alert Example","ui-elements-practice/alerts.spec.ts","",""
"","685","keeps the value intact: emoji mixed with text","chromium","2026-10-05","passed","2026-10-05","Emoji input: autocomplete field","ui-elements-practice/emoji-input.spec.ts","",""
"","531","the iframe can be reached by its name attribute via page.frame()","chromium","2026-10-05","passed","2026-10-05","iFrame Example","ui-elements-practice/iframe.spec.ts","",""
"","1740","the form inside the iframe can be filled and submitted (user-facing locators)","webkit","2026-10-05","passed","2026-10-05","iFrame Example","ui-elements-practice/iframe.spec.ts","",""
"","1","passes on clean output","resume-checks","2026-10-05","passed","2026-10-05","forbiddenPresent","resume-refactor/checks.spec.ts","",""
"","1650","has the expected header columns","webkit","2026-10-05","passed","2026-10-05","Web Table Example","ui-elements-practice/web-table.spec.ts","",""
"","886","hovering reveals Top and Reload links","firefox","2026-10-05","passed","2026-10-05","Mouse Hover Example","ui-elements-practice/mouse-hover.spec.ts","",""
"","1578","the external iframe renders the portfolio page","webkit","2026-10-05","passed","2026-10-05","External iFrame Example","ui-elements-practice/iframe.spec.ts","",""
"","2181","submitted result echoes the name unchanged: flag (regional indicators)","webkit","2026-10-05","passed","2026-10-05","Emoji input: form inside the iframe","ui-elements-practice/emoji-input.spec.ts","",""
"","1690","alert greets the name unchanged: skin-tone modifier","webkit","2026-10-05","passed","2026-10-05","Emoji input: name field and alert","ui-elements-practice/emoji-input.spec.ts","",""
"","1098","alert greets the entered name","firefox","2026-10-05","passed","2026-10-05","Switch To Alert Example","ui-elements-practice/alerts.spec.ts","",""
"","294","sends both texts and shows the rewritten resume","resume-app","2026-10-05","passed","2026-10-05","","resume-refactor/ui.spec.ts","",""
"","1545","BUG: checkbox inputs have the same broken label[for] association","webkit","2026-10-05","passed","2026-10-05","Known defects on the practice page","ui-elements-practice/a11y-findings.spec.ts","",""
"","533","alert greets the name unchanged: single emoji","chromium","2026-10-05","passed","2026-10-05","Emoji input: name field and alert","ui-elements-practice/emoji-input.spec.ts","",""
"","461","the frame finishes loading and resolves to the local iframe page","chromium","2026-10-05","passed","2026-10-05","iFrame Example","ui-elements-practice/iframe.spec.ts","",""
"","1561","clicking Hide twice keeps the field hidden","webkit","2026-10-05","passed","2026-10-05","Element Displayed Example","ui-elements-practice/hide-show.spec.ts","",""
"","317","shows the server error and no result when the model call fails","resume-app","2026-10-05","passed","2026-10-05","","resume-refactor/ui.spec.ts","",""
"","849","all three can be checked at once (unlike the radio group)","chromium","2026-10-05","passed","2026-10-05","Checkbox Example","ui-elements-practice/checkboxes.spec.ts","",""
"","42","rejects a missing resume","resume-app","2026-10-05","passed","2026-10-05","POST /api/refactor validation","resume-refactor/api.spec.ts","",""
"","593","hovering reveals Top and Reload links","chromium","2026-10-05","passed","2026-10-05","Mouse Hover Example","ui-elements-practice/mouse-hover.spec.ts","",""
"","858","BUG: radio inputs have no accessible name (label[for] targets a non-existent id)","chromium","2026-10-05","passed","2026-10-05","Known defects on the practice page","ui-elements-practice/a11y-findings.spec.ts","",""
"","625","lists all 9 rows even though only part of the table is visible","firefox","2026-10-05","passed","2026-10-05","Web Table Fixed Header Example","ui-elements-practice/fixed-header-table.spec.ts","",""
"","1397","accepts free text input","webkit","2026-10-05","passed","2026-10-05","Suggestion Class Example (autocomplete input)","ui-elements-practice/autocomplete-input.spec.ts","",""
"","904","lists the expected options in order","firefox","2026-10-05","passed","2026-10-05","Dropdown Example","ui-elements-practice/dropdown.spec.ts","",""
"","1","flags empty output","resume-checks","2026-10-05","passed","2026-10-05","lengthProblems and nonEmpty","resume-refactor/checks.spec.ts","",""
"","1403","selecting an option by label updates the value","webkit","2026-10-05","passed","2026-10-05","Dropdown Example","ui-elements-practice/dropdown.spec.ts","",""
"","1363","the iframe points at the local iframe page","webkit","2026-10-05","passed","2026-10-05","iFrame Example","ui-elements-practice/iframe.spec.ts","",""
"","3764","the iframe points at the local iframe page","firefox","2026-10-05","passed","2026-10-05","iFrame Example","ui-elements-practice/iframe.spec.ts","",""
"","360","clears the previous result and error on a new run","resume-app","2026-10-05","passed","2026-10-05","","resume-refactor/ui.spec.ts","",""
"","600","Hide removes the field and Show brings it back","chromium","2026-10-05","passed","2026-10-05","Element Displayed Example","ui-elements-practice/hide-show.spec.ts","",""
"","728","confirm dialog text changes based on whether a name was entered","chromium","2026-10-05","passed","2026-10-05","Switch To Alert Example","ui-elements-practice/alerts.spec.ts","",""
"","1","does not match a tool inside a longer word","resume-checks","2026-10-05","passed","2026-10-05","fabricatedTerms","resume-refactor/checks.spec.ts","",""
"","10","passes when every fact is present, ignoring case and whitespace","resume-checks","2026-10-05","passed","2026-10-05","missingFacts","resume-refactor/checks.spec.ts","",""
"","707","accepts free text input","firefox","2026-10-05","passed","2026-10-05","Suggestion Class Example (autocomplete input)","ui-elements-practice/autocomplete-input.spec.ts","",""
"","828","alert greets the name unchanged: emoji mixed with text","firefox","2026-10-05","passed","2026-10-05","Emoji input: name field and alert","ui-elements-practice/emoji-input.spec.ts","",""
"","658","keeps the value intact: emoji mixed with text","firefox","2026-10-05","passed","2026-10-05","Emoji input: autocomplete field","ui-elements-practice/emoji-input.spec.ts","",""
"","5","reports the facts that were dropped","resume-checks","2026-10-05","passed","2026-10-05","missingFacts","resume-refactor/checks.spec.ts","",""
"","846","accepting confirm logs the OK branch to the console","firefox","2026-10-05","passed","2026-10-05","Switch To Alert Example","ui-elements-practice/alerts.spec.ts","",""
"","977","contains a known course at the expected price","firefox","2026-10-05","passed","2026-10-05","Web Table Example","ui-elements-practice/web-table.spec.ts","",""
"","1437","the external iframe can be reached by its name attribute via page.frame()","webkit","2026-10-05","passed","2026-10-05","External iFrame Example","ui-elements-practice/iframe.spec.ts","",""
"","1808","the link points at the expected target= ""_blank"" destination","webkit","2026-10-05","passed","2026-10-05","Switch Tab Example","ui-elements-practice/switch-tab.spec.ts","",""
"","1540","checkboxes toggle independently","webkit","2026-10-05","passed","2026-10-05","Checkbox Example","ui-elements-practice/checkboxes.spec.ts","",""
"","1391","defaults to the placeholder ""Select"" option","webkit","2026-10-05","passed","2026-10-05","Dropdown Example","ui-elements-practice/dropdown.spec.ts","",""
"","1638","submitting without accepting the terms is rejected","webkit","2026-10-05","passed","2026-10-05","iFrame Example","ui-elements-practice/iframe.spec.ts","",""
"","761","none are checked by default","firefox","2026-10-05","passed","2026-10-05","Checkbox Example","ui-elements-practice/checkboxes.spec.ts","",""
"","490","keeps the value intact: flag (regional indicators)","chromium","2026-10-05","passed","2026-10-05","Emoji input: autocomplete field","ui-elements-practice/emoji-input.spec.ts","",""
"","708","is embedded in the practice site main page as an iframe","resume-app","2026-10-05","passed","2026-10-05","","resume-refactor/ui.spec.ts","",""
"","7","rejects fields of the wrong type","resume-app","2026-10-05","passed","2026-10-05","POST /api/refactor validation","resume-refactor/api.spec.ts","",""
"","2103","submitted result echoes the name unchanged: ZWJ family sequence","webkit","2026-10-05","passed","2026-10-05","Emoji input: form inside the iframe","ui-elements-practice/emoji-input.spec.ts","",""
"","1003","the iframe points at the portfolio site","firefox","2026-10-05","passed","2026-10-05","External iFrame Example","ui-elements-practice/iframe.spec.ts","",""
"","650","shows the placeholder when empty","firefox","2026-10-05","passed","2026-10-05","Suggestion Class Example (autocomplete input)","ui-elements-practice/autocomplete-input.spec.ts","",""
"","2","accepts markdown sections","resume-checks","2026-10-05","passed","2026-10-05","structureProblems","resume-refactor/checks.spec.ts","",""
"","1577","alert greets the entered name","webkit","2026-10-05","passed","2026-10-05","Switch To Alert Example","ui-elements-practice/alerts.spec.ts","",""
"","810","the menu is hidden until the button is hovered","firefox","2026-10-05","passed","2026-10-05","Mouse Hover Example","ui-elements-practice/mouse-hover.spec.ts","",""
"","1408","a multi-code-point emoji is still a single character after input","webkit","2026-10-05","passed","2026-10-05","Emoji input: autocomplete field","ui-elements-practice/emoji-input.spec.ts","",""
"","489","accepts emoji typed key by key, not only filled in one go","chromium","2026-10-05","passed","2026-10-05","Emoji input: autocomplete field","ui-elements-practice/emoji-input.spec.ts","",""
"","728","submitted result echoes the name unchanged: single emoji","chromium","2026-10-05","passed","2026-10-05","Emoji input: form inside the iframe","ui-elements-practice/emoji-input.spec.ts","",""
"","833","submitted result echoes the name unchanged: ZWJ family sequence","chromium","2026-10-05","passed","2026-10-05","Emoji input: form inside the iframe","ui-elements-practice/emoji-input.spec.ts","",""
"","1776","alert greets the name unchanged: emoji mixed with text","webkit","2026-10-05","passed","2026-10-05","Emoji input: name field and alert","ui-elements-practice/emoji-input.spec.ts","",""
"","525","BUG: clicking the radio/checkbox label text does not toggle the control","chromium","2026-10-05","passed","2026-10-05","Known defects on the practice page","ui-elements-practice/a11y-findings.spec.ts","",""
"","1380","keeps the value intact: several emoji","webkit","2026-10-05","passed","2026-10-05","Emoji input: autocomplete field","ui-elements-practice/emoji-input.spec.ts","",""
"","1403","keeps the value intact: flag (regional indicators)","webkit","2026-10-05","passed","2026-10-05","Emoji input: autocomplete field","ui-elements-practice/emoji-input.spec.ts","",""
"","2863","clicking opens a new tab instead of navigating the current page","webkit","2026-10-05","passed","2026-10-05","Switch Tab Example","ui-elements-practice/switch-tab.spec.ts","",""
"","698","a name made only of emoji passes validation (it is not treated as empty)","chromium","2026-10-05","passed","2026-10-05","Emoji input: form inside the iframe","ui-elements-practice/emoji-input.spec.ts","",""
"","429","has the expected header columns","chromium","2026-10-05","passed","2026-10-05","Web Table Example","ui-elements-practice/web-table.spec.ts","",""
"","571","moving away hides the menu again","chromium","2026-10-05","passed","2026-10-05","Mouse Hover Example","ui-elements-practice/mouse-hover.spec.ts","",""
"","577","the form inside the iframe can be filled and submitted (user-facing locators)","chromium","2026-10-05","passed","2026-10-05","iFrame Example","ui-elements-practice/iframe.spec.ts","",""
"","789","submitted result echoes the name unchanged: emoji mixed with text","chromium","2026-10-05","passed","2026-10-05","Emoji input: form inside the iframe","ui-elements-practice/emoji-input.spec.ts","",""
"","1322","clicking opens a new tab instead of navigating the current page","chromium","2026-10-05","passed","2026-10-05","Switch Tab Example","ui-elements-practice/switch-tab.spec.ts","",""
"","246","asks for the resume when it is empty","resume-app","2026-10-05","passed","2026-10-05","","resume-refactor/ui.spec.ts","",""
"","218","does not call the API when validation fails","resume-app","2026-10-05","passed","2026-10-05","","resume-refactor/ui.spec.ts","",""
"","1529","alert greets the name unchanged: single emoji","webkit","2026-10-05","passed","2026-10-05","Emoji input: name field and alert","ui-elements-practice/emoji-input.spec.ts","",""
"","731","BUG: two different tables share the same id=""product""","firefox","2026-10-05","passed","2026-10-05","Known defects on the practice page","ui-elements-practice/a11y-findings.spec.ts","",""
"","562","keeps the value intact: skin-tone modifier","chromium","2026-10-05","passed","2026-10-05","Emoji input: autocomplete field","ui-elements-practice/emoji-input.spec.ts","",""
"","581","alert greets the entered name","chromium","2026-10-05","passed","2026-10-05","Switch To Alert Example","ui-elements-practice/alerts.spec.ts","",""
"","477","the link points at the expected target= ""_blank"" destination","chromium","2026-10-05","passed","2026-10-05","Switch Tab Example","ui-elements-practice/switch-tab.spec.ts","",""
"","1560","opens example.com in a new window via window.open","firefox","2026-10-05","passed","2026-10-05","Switch Window Example","ui-elements-practice/switch-window.spec.ts","",""
"","11","flags a tool that appears only in the output","resume-checks","2026-10-05","passed","2026-10-05","fabricatedTerms","resume-refactor/checks.spec.ts","",""
"","1659","submitting an empty name shows a validation error","webkit","2026-10-05","passed","2026-10-05","iFrame Example","ui-elements-practice/iframe.spec.ts","",""
"","1079","submitting an empty name shows a validation error","firefox","2026-10-05","passed","2026-10-05","iFrame Example","ui-elements-practice/iframe.spec.ts","",""
"","948","the external iframe renders the portfolio page","firefox","2026-10-05","passed","2026-10-05","External iFrame Example","ui-elements-practice/iframe.spec.ts","",""
"","1797","the iframe can be reached by its name attribute via page.frame()","webkit","2026-10-05","passed","2026-10-05","iFrame Example","ui-elements-practice/iframe.spec.ts","",""
"","1610","contains a known course at the expected price","webkit","2026-10-05","passed","2026-10-05","Web Table Example","ui-elements-practice/web-table.spec.ts","",""
"","17","rejects a missing vacancy","resume-app","2026-10-05","passed","2026-10-05","POST /api/refactor validation","resume-refactor/api.spec.ts","",""
"","806","clicking Hide twice keeps the field hidden","chromium","2026-10-05","passed","2026-10-05","Element Displayed Example","ui-elements-practice/hide-show.spec.ts","",""
"","629","BUG: the courses iframe has no accessible name","chromium","2026-10-05","passed","2026-10-05","Known defects on the practice page","ui-elements-practice/a11y-findings.spec.ts","",""
"","498","no radio is selected by default","chromium","2026-10-05","passed","2026-10-05","Radio Button Example","ui-elements-practice/radio-buttons.spec.ts","",""
"","314","disables the button and shows progress while the model works","resume-app","2026-10-05","passed","2026-10-05","","resume-refactor/ui.spec.ts","",""
"","31440","accepts free text input","chromium","2026-10-05","broken","2026-10-05","Suggestion Class Example (autocomplete input)","ui-elements-practice/autocomplete-input.spec.ts","",""
"","1681","Hide removes the field and Show brings it back","webkit","2026-10-05","passed","2026-10-05","Element Displayed Example","ui-elements-practice/hide-show.spec.ts","",""
"","1","rejects an unstructured wall of text","resume-checks","2026-10-05","passed","2026-10-05","structureProblems","resume-refactor/checks.spec.ts","",""
"","1142","submitted result echoes the name unchanged: flag (regional indicators)","firefox","2026-10-05","passed","2026-10-05","Emoji input: form inside the iframe","ui-elements-practice/emoji-input.spec.ts","",""
"","1417","keeps the value intact: emoji mixed with text","webkit","2026-10-05","passed","2026-10-05","Emoji input: autocomplete field","ui-elements-practice/emoji-input.spec.ts","",""
"","1419","the iframe points at the portfolio site","webkit","2026-10-05","passed","2026-10-05","External iFrame Example","ui-elements-practice/iframe.spec.ts","",""
"","579","the text field is visible on load","chromium","2026-10-05","passed","2026-10-05","Element Displayed Example","ui-elements-practice/hide-show.spec.ts","",""
"","706","accepts emoji typed key by key, not only filled in one go","firefox","2026-10-05","passed","2026-10-05","Emoji input: autocomplete field","ui-elements-practice/emoji-input.spec.ts","",""
"","1048","alert greets the name unchanged: several emoji","chromium","2026-10-05","passed","2026-10-05","Emoji input: name field and alert","ui-elements-practice/emoji-input.spec.ts","",""
"","774","clicking Hide twice keeps the field hidden","firefox","2026-10-05","passed","2026-10-05","Element Displayed Example","ui-elements-practice/hide-show.spec.ts","",""
"","706","submitted result echoes the name unchanged: several emoji","chromium","2026-10-05","passed","2026-10-05","Emoji input: form inside the iframe","ui-elements-practice/emoji-input.spec.ts","",""
"","489","selecting an option by label updates the value","chromium","2026-10-05","passed","2026-10-05","Dropdown Example","ui-elements-practice/dropdown.spec.ts","",""
"","732","alert greets the name unchanged: flag (regional indicators)","firefox","2026-10-05","passed","2026-10-05","Emoji input: name field and alert","ui-elements-practice/emoji-input.spec.ts","",""
"","1","finds an injected canary and an inflated claim","resume-checks","2026-10-05","passed","2026-10-05","forbiddenPresent","resume-refactor/checks.spec.ts","",""
"","1390","the menu is hidden until the button is hovered","webkit","2026-10-05","passed","2026-10-05","Mouse Hover Example","ui-elements-practice/mouse-hover.spec.ts","",""
"","1715","the form inside the iframe can be filled and submitted (CSS locators)","webkit","2026-10-05","passed","2026-10-05","iFrame Example","ui-elements-practice/iframe.spec.ts","",""
"","2655","checkboxes toggle independently","firefox","2026-10-05","passed","2026-10-05","Checkbox Example","ui-elements-practice/checkboxes.spec.ts","",""
"","31896","alert greets the name unchanged: several emoji","webkit","2026-10-05","broken","2026-10-05","Emoji input: name field and alert","ui-elements-practice/emoji-input.spec.ts","",""
"","698","the displayed total matches the sum of the Amount column","firefox","2026-10-05","passed","2026-10-05","Web Table Fixed Header Example","ui-elements-practice/fixed-header-table.spec.ts","",""
"","2601","opens example.com in a new window via window.open","webkit","2026-10-05","passed","2026-10-05","Switch Window Example","ui-elements-practice/switch-window.spec.ts","",""
"","1406","no radio is selected by default","webkit","2026-10-05","passed","2026-10-05","Radio Button Example","ui-elements-practice/radio-buttons.spec.ts","",""
"","965","the iframe can be reached by its name attribute via page.frame()","firefox","2026-10-05","passed","2026-10-05","iFrame Example","ui-elements-practice/iframe.spec.ts","",""
"","479","alert greets the name unchanged: ZWJ family sequence","chromium","2026-10-05","passed","2026-10-05","Emoji input: name field and alert","ui-elements-practice/emoji-input.spec.ts","",""
"","2224","confirm dialog text changes based on whether a name was entered","firefox","2026-10-05","passed","2026-10-05","Switch To Alert Example","ui-elements-practice/alerts.spec.ts","",""
"","1384","the frame finishes loading and resolves to the local iframe page","webkit","2026-10-05","passed","2026-10-05","iFrame Example","ui-elements-practice/iframe.spec.ts","",""
"","1816","keeps the value intact: flag (regional indicators)","firefox","2026-10-05","passed","2026-10-05","Emoji input: autocomplete field","ui-elements-practice/emoji-input.spec.ts","",""
"","713","keeps the value intact: ZWJ family sequence","chromium","2026-10-05","passed","2026-10-05","Emoji input: autocomplete field","ui-elements-practice/emoji-input.spec.ts","",""
"","2546","the form inside the iframe can be filled and submitted (CSS locators)","firefox","2026-10-05","passed","2026-10-05","iFrame Example","ui-elements-practice/iframe.spec.ts","",""
"","655","alert asks for a name when the field is empty","chromium","2026-10-05","passed","2026-10-05","Switch To Alert Example","ui-elements-practice/alerts.spec.ts","",""
"","1679","form fields inside the iframe reflect their state","webkit","2026-10-05","passed","2026-10-05","iFrame Example","ui-elements-practice/iframe.spec.ts","",""
"","691","keeps the value intact: several emoji","firefox","2026-10-05","passed","2026-10-05","Emoji input: autocomplete field","ui-elements-practice/emoji-input.spec.ts","",""
"","1372","BUG: two different tables share the same id=""product""","webkit","2026-10-05","passed","2026-10-05","Known defects on the practice page","ui-elements-practice/a11y-findings.spec.ts","",""
"","31898","accepting confirm logs the OK branch to the console","webkit","2026-10-05","broken","2026-10-05","Switch To Alert Example","ui-elements-practice/alerts.spec.ts","",""
"","707","opens example.com in a new window via window.open","chromium","2026-10-05","passed","2026-10-05","Switch Window Example","ui-elements-practice/switch-window.spec.ts","",""
"","1461","exactly one radio can be checked at a time","webkit","2026-10-05","passed","2026-10-05","Radio Button Example","ui-elements-practice/radio-buttons.spec.ts","",""
"","1520","lists the expected options in order","webkit","2026-10-05","passed","2026-10-05","Dropdown Example","ui-elements-practice/dropdown.spec.ts","",""
"","2193","submitted result echoes the name unchanged: several emoji","webkit","2026-10-05","passed","2026-10-05","Emoji input: form inside the iframe","ui-elements-practice/emoji-input.spec.ts","",""
"","1069","form fields inside the iframe reflect their state","firefox","2026-10-05","passed","2026-10-05","iFrame Example","ui-elements-practice/iframe.spec.ts","",""
"","541","accepting confirm logs the OK branch to the console","chromium","2026-10-05","passed","2026-10-05","Switch To Alert Example","ui-elements-practice/alerts.spec.ts","",""
"","852","keeps emoji after the field is hidden and shown again","firefox","2026-10-05","passed","2026-10-05","Emoji input: show/hide field","ui-elements-practice/emoji-input.spec.ts","",""
"","595","the external iframe renders the portfolio page","chromium","2026-10-05","passed","2026-10-05","External iFrame Example","ui-elements-practice/iframe.spec.ts","",""
"","505","alert greets the name unchanged: skin-tone modifier","chromium","2026-10-05","passed","2026-10-05","Emoji input: name field and alert","ui-elements-practice/emoji-input.spec.ts","",""
"","868","exactly one radio can be checked at a time","chromium","2026-10-05","passed","2026-10-05","Radio Button Example","ui-elements-practice/radio-buttons.spec.ts","",""
"","2306","BUG: radio inputs have no accessible name (label[for] targets a non-existent id)","firefox","2026-10-05","passed","2026-10-05","Known defects on the practice page","ui-elements-practice/a11y-findings.spec.ts","",""
